origin_id,destination_id,baseline_seconds,baseline_meters,condition,baseline_minutes
5,16,13779,313402,ROUTE_EXISTS,229.65
13,19,1658,30877,ROUTE_EXISTS,27.633333333333333
13,26,2893,53221,ROUTE_EXISTS,48.21666666666667
13,24,1964,30681,ROUTE_EXISTS,32.733333333333334
13,18,2884,51733,ROUTE_EXISTS,48.06666666666667
13,16,1608,25599,ROUTE_EXISTS,26.8
13,12,1943,34554,ROUTE_EXISTS,32.38333333333333
13,11,13640,309443,ROUTE_EXISTS,227.33333333333334
13,22,4726,89101,ROUTE_EXISTS,78.76666666666667
13,25,2524,48727,ROUTE_EXISTS,42.06666666666667
13,21,3389,65567,ROUTE_EXISTS,56.483333333333334
13,10,756,7319,ROUTE_EXISTS,12.6
13,14,920,14274,ROUTE_EXISTS,15.333333333333334
13,15,3212,56961,ROUTE_EXISTS,53.53333333333333
13,7,7228,138242,ROUTE_EXISTS,120.46666666666667
13,17,2559,43344,ROUTE_EXISTS,42.65
11,26,14055,295267,ROUTE_EXISTS,234.25
13,8,1755,22952,ROUTE_EXISTS,29.25
13,20,4176,86043,ROUTE_EXISTS,69.6
13,23,7077,157225,ROUTE_EXISTS,117.95
12,1,1849,36638,ROUTE_EXISTS,30.816666666666666
14,2,5039,84191,ROUTE_EXISTS,83.98333333333333
14,11,13256,299786,ROUTE_EXISTS,220.93333333333334
14,3,1683,21843,ROUTE_EXISTS,28.05
14,13,781,10012,ROUTE_EXISTS,13.016666666666667
14,5,14704,327565,ROUTE_EXISTS,245.06666666666666
14,10,799,9050,ROUTE_EXISTS,13.316666666666666
14,12,1559,24897,ROUTE_EXISTS,25.983333333333334
14,8,1371,13295,ROUTE_EXISTS,22.85
14,17,2175,33687,ROUTE_EXISTS,36.25
14,19,2036,39924,ROUTE_EXISTS,33.93333333333333
14,16,1224,15942,ROUTE_EXISTS,20.4
14,18,3262,60780,ROUTE_EXISTS,54.36666666666667
13,6,8514,198204,ROUTE_EXISTS,141.9
14,6,8130,188547,ROUTE_EXISTS,135.5
14,4,3017,58120,ROUTE_EXISTS,50.28333333333333
14,7,6844,128585,ROUTE_EXISTS,114.06666666666666
14,15,3590,66008,ROUTE_EXISTS,59.833333333333336
14,20,3793,76386,ROUTE_EXISTS,63.21666666666667
14,1,3016,52762,ROUTE_EXISTS,50.266666666666666
13,4,2639,49072,ROUTE_EXISTS,43.983333333333334
15,6,9686,221428,ROUTE_EXISTS,161.43333333333334
15,12,5101,89357,ROUTE_EXISTS,85.01666666666667
15,10,3914,62122,ROUTE_EXISTS,65.23333333333333
15,13,3705,58351,ROUTE_EXISTS,61.75
15,7,8598,163147,ROUTE_EXISTS,143.3
15,14,4079,69077,ROUTE_EXISTS,67.98333333333333
15,3,5225,86303,ROUTE_EXISTS,87.08333333333333
15,5,18247,392025,ROUTE_EXISTS,304.1166666666667
15,11,14812,332666,ROUTE_EXISTS,246.86666666666667
14,23,6693,147568,ROUTE_EXISTS,111.55
15,1,6559,117223,ROUTE_EXISTS,109.31666666666666
13,5,15088,337222,ROUTE_EXISTS,251.46666666666667
15,17,5718,98147,ROUTE_EXISTS,95.3
15,8,4914,77755,ROUTE_EXISTS,81.9
14,25,2141,39070,ROUTE_EXISTS,35.68333333333333
15,16,4767,80402,ROUTE_EXISTS,79.45
15,4,1153,9891,ROUTE_EXISTS,19.216666666666665
13,3,2067,31500,ROUTE_EXISTS,34.45
15,18,1108,7122,ROUTE_EXISTS,18.466666666666665
13,2,5423,93848,ROUTE_EXISTS,90.38333333333334
15,2,8582,148651,ROUTE_EXISTS,143.03333333333333
15,19,3001,37968,ROUTE_EXISTS,50.016666666666666
15,23,8249,180449,ROUTE_EXISTS,137.48333333333332
15,26,6052,108024,ROUTE_EXISTS,100.86666666666666
15,21,6547,120370,ROUTE_EXISTS,109.11666666666666
14,26,2509,43564,ROUTE_EXISTS,41.81666666666667
14,21,3005,55910,ROUTE_EXISTS,50.083333333333336
15,25,5683,103530,ROUTE_EXISTS,94.71666666666667
15,24,5122,85484,ROUTE_EXISTS,85.36666666666666
16,1,2378,41725,ROUTE_EXISTS,39.63333333333333
14,22,4342,79444,ROUTE_EXISTS,72.36666666666666
16,6,7981,184369,ROUTE_EXISTS,133.01666666666668
16,3,1045,10806,ROUTE_EXISTS,17.416666666666668
15,22,7885,143904,ROUTE_EXISTS,131.41666666666666
16,12,921,13860,ROUTE_EXISTS,15.35
16,7,6694,124406,ROUTE_EXISTS,111.56666666666666
16,2,4401,73154,ROUTE_EXISTS,73.35
16,13,1652,22087,ROUTE_EXISTS,27.533333333333335
16,4,3888,70194,ROUTE_EXISTS,64.8
16,8,795,4458,ROUTE_EXISTS,13.25
16,11,13107,295608,ROUTE_EXISTS,218.45
16,20,3155,65349,ROUTE_EXISTS,52.583333333333336
16,21,2367,44873,ROUTE_EXISTS,39.45
16,25,1503,28033,ROUTE_EXISTS,25.05
16,5,14066,316528,ROUTE_EXISTS,234.43333333333334
16,26,1871,32527,ROUTE_EXISTS,31.183333333333334
16,19,2907,51998,ROUTE_EXISTS,48.45
17,2,3696,56124,ROUTE_EXISTS,61.6
15,20,7335,140847,ROUTE_EXISTS,122.25
16,24,942,9987,ROUTE_EXISTS,15.7
17,4,4718,88387,ROUTE_EXISTS,78.63333333333334
17,5,13361,299499,ROUTE_EXISTS,222.68333333333334
17,3,1115,14749,ROUTE_EXISTS,18.583333333333332
17,1,1673,24696,ROUTE_EXISTS,27.883333333333333
16,18,4133,72854,ROUTE_EXISTS,68.88333333333334
16,17,1537,22650,ROUTE_EXISTS,25.616666666666667
17,11,13978,313662,ROUTE_EXISTS,232.96666666666667
17,14,2088,32054,ROUTE_EXISTS,34.8
17,10,2499,39318,ROUTE_EXISTS,41.65
16,15,4461,78082,ROUTE_EXISTS,74.35
17,13,2482,40280,ROUTE_EXISTS,41.36666666666667
17,16,1151,18536,ROUTE_EXISTS,19.183333333333334
17,12,653,9095,ROUTE_EXISTS,10.883333333333333
17,18,4963,91048,ROUTE_EXISTS,82.71666666666667
17,6,8852,202423,ROUTE_EXISTS,147.53333333333333
17,21,1661,27843,ROUTE_EXISTS,27.683333333333334
17,19,3737,70191,ROUTE_EXISTS,62.28333333333333
17,20,2449,48320,ROUTE_EXISTS,40.81666666666667
17,22,2999,51377,ROUTE_EXISTS,49.983333333333334
17,26,1166,15498,ROUTE_EXISTS,19.433333333333334
17,7,7566,142461,ROUTE_EXISTS,126.1
18,7,8185,144762,ROUTE_EXISTS,136.41666666666666
18,3,4786,80439,ROUTE_EXISTS,79.76666666666667
18,1,6120,111358,ROUTE_EXISTS,102.0
18,6,9273,203044,ROUTE_EXISTS,154.55
17,15,5291,96275,ROUTE_EXISTS,88.18333333333334
16,22,3705,68407,ROUTE_EXISTS,61.75
17,25,797,11004,ROUTE_EXISTS,13.283333333333333
18,11,14399,314282,ROUTE_EXISTS,239.98333333333332
18,8,4475,71891,ROUTE_EXISTS,74.58333333333333
17,24,1149,15761,ROUTE_EXISTS,19.15
18,10,3475,56258,ROUTE_EXISTS,57.916666666666664
18,14,3640,63213,ROUTE_EXISTS,60.666666666666664
18,12,4662,83492,ROUTE_EXISTS,77.7
18,15,841,5994,ROUTE_EXISTS,14.016666666666667
18,4,714,4027,ROUTE_EXISTS,11.9
18,13,3266,52486,ROUTE_EXISTS,54.43333333333333
18,20,6896,134982,ROUTE_EXISTS,114.93333333333334
18,2,8143,142786,ROUTE_EXISTS,135.71666666666667
17,8,1763,23431,ROUTE_EXISTS,29.383333333333333
17,23,7415,161444,ROUTE_EXISTS,123.58333333333333
18,22,7446,138039,ROUTE_EXISTS,124.1
18,5,17808,386161,ROUTE_EXISTS,296.8
18,19,2562,32104,ROUTE_EXISTS,42.7
18,23,7835,162064,ROUTE_EXISTS,130.58333333333334
18,25,5244,97666,ROUTE_EXISTS,87.4
19,2,6761,123765,ROUTE_EXISTS,112.68333333333334
18,26,5613,102160,ROUTE_EXISTS,93.55
19,5,16426,367140,ROUTE_EXISTS,273.76666666666665
16,14,1258,13861,ROUTE_EXISTS,20.966666666666665
19,3,3405,61417,ROUTE_EXISTS,56.75
18,21,6108,114505,ROUTE_EXISTS,101.8
19,6,8191,206807,ROUTE_EXISTS,136.51666666666668
19,7,7103,148526,ROUTE_EXISTS,118.38333333333334
18,24,4683,79620,ROUTE_EXISTS,78.05
16,10,1670,21125,ROUTE_EXISTS,27.833333333333332
19,1,4738,92337,ROUTE_EXISTS,78.96666666666667
19,8,3093,52869,ROUTE_EXISTS,51.55
19,12,3281,64471,ROUTE_EXISTS,54.68333333333333
19,10,2094,37237,ROUTE_EXISTS,34.9
18,16,4328,74537,ROUTE_EXISTS,72.13333333333334
19,11,13317,318046,ROUTE_EXISTS,221.95
19,13,1884,33465,ROUTE_EXISTS,31.4
19,16,2946,55516,ROUTE_EXISTS,49.1
19,15,2437,33326,ROUTE_EXISTS,40.61666666666667
19,4,1864,25438,ROUTE_EXISTS,31.066666666666666
18,17,5279,92282,ROUTE_EXISTS,87.98333333333333
19,21,4727,95484,ROUTE_EXISTS,78.78333333333333
19,23,6754,165828,ROUTE_EXISTS,112.56666666666666
19,22,6064,119018,ROUTE_EXISTS,101.06666666666666
20,5,11239,255712,ROUTE_EXISTS,187.31666666666666
19,26,4231,83139,ROUTE_EXISTS,70.51666666666667
20,3,2791,58301,ROUTE_EXISTS,46.516666666666666
20,6,6951,149680,ROUTE_EXISTS,115.85
19,25,3862,78645,ROUTE_EXISTS,64.36666666666666
20,1,1941,32869,ROUTE_EXISTS,32.35
19,17,3897,73261,ROUTE_EXISTS,64.95
20,2,1680,12688,ROUTE_EXISTS,28.0
20,7,8732,163947,ROUTE_EXISTS,145.53333333333333
19,14,2258,44192,ROUTE_EXISTS,37.63333333333333
19,20,5514,115961,ROUTE_EXISTS,91.9
19,18,2109,28098,ROUTE_EXISTS,35.15
14,24,1580,21024,ROUTE_EXISTS,26.333333333333332
20,10,4176,82870,ROUTE_EXISTS,69.6
16,23,6543,143390,ROUTE_EXISTS,109.05
20,13,4159,83832,ROUTE_EXISTS,69.31666666666666
20,11,12077,260919,ROUTE_EXISTS,201.28333333333333
20,12,2330,52647,ROUTE_EXISTS,38.833333333333336
20,18,6640,134600,ROUTE_EXISTS,110.66666666666667
20,15,6968,139828,ROUTE_EXISTS,116.13333333333334
20,17,2362,46036,ROUTE_EXISTS,39.36666666666667
20,16,2828,62088,ROUTE_EXISTS,47.13333333333333
21,1,1063,11682,ROUTE_EXISTS,17.716666666666665
20,4,6395,131939,ROUTE_EXISTS,106.58333333333333
20,24,2826,59313,ROUTE_EXISTS,47.1
21,4,5517,110753,ROUTE_EXISTS,91.95
21,3,1914,37114,ROUTE_EXISTS,31.9
21,2,2767,34491,ROUTE_EXISTS,46.11666666666667
21,7,8365,164826,ROUTE_EXISTS,139.41666666666666
20,26,1823,34117,ROUTE_EXISTS,30.383333333333333
21,5,12432,277865,ROUTE_EXISTS,207.2
20,22,984,7941,ROUTE_EXISTS,16.4
20,19,5414,113743,ROUTE_EXISTS,90.23333333333333
21,15,6090,118641,ROUTE_EXISTS,101.5
21,8,2562,45797,ROUTE_EXISTS,42.7
20,23,5105,98945,ROUTE_EXISTS,85.08333333333333
21,11,13597,287605,ROUTE_EXISTS,226.61666666666667
21,20,1520,26686,ROUTE_EXISTS,25.333333333333332
21,18,5762,113413,ROUTE_EXISTS,96.03333333333333
21,13,3281,62645,ROUTE_EXISTS,54.68333333333333
21,6,8471,176367,ROUTE_EXISTS,141.18333333333334
21,17,1484,24849,ROUTE_EXISTS,24.733333333333334
21,19,4536,92557,ROUTE_EXISTS,75.6
22,1,2360,35841,ROUTE_EXISTS,39.333333333333336
20,14,3764,75606,ROUTE_EXISTS,62.733333333333334
21,23,6625,125631,ROUTE_EXISTS,110.41666666666667
21,26,946,12930,ROUTE_EXISTS,15.766666666666667
21,16,1951,40902,ROUTE_EXISTS,32.516666666666666
22,6,7844,157589,ROUTE_EXISTS,130.73333333333332
22,4,6814,134912,ROUTE_EXISTS,113.56666666666666
22,10,4595,85843,ROUTE_EXISTS,76.58333333333333
22,8,3858,69956,ROUTE_EXISTS,64.3
22,7,9625,171856,ROUTE_EXISTS,160.41666666666666
20,25,1810,38888,ROUTE_EXISTS,30.166666666666668
22,12,2749,55620,ROUTE_EXISTS,45.81666666666667
21,24,1948,38126,ROUTE_EXISTS,32.46666666666667
22,2,1405,9331,ROUTE_EXISTS,23.416666666666668
21,10,3299,61683,ROUTE_EXISTS,54.983333333333334
21,14,2887,54419,ROUTE_EXISTS,48.11666666666667
21,12,1452,31460,ROUTE_EXISTS,24.2
22,17,2781,49008,ROUTE_EXISTS,46.35
22,14,4183,78579,ROUTE_EXISTS,69.71666666666667
22,3,3210,61274,ROUTE_EXISTS,53.5
20,8,3439,66983,ROUTE_EXISTS,57.31666666666667
22,15,7387,142800,ROUTE_EXISTS,123.11666666666666
19,24,3302,60598,ROUTE_EXISTS,55.03333333333333
22,19,5833,116716,ROUTE_EXISTS,97.21666666666667
22,13,4578,86805,ROUTE_EXISTS,76.3
22,23,5998,106853,ROUTE_EXISTS,99.96666666666667
22,25,2229,41861,ROUTE_EXISTS,37.15
22,20,893,7909,ROUTE_EXISTS,14.883333333333333
23,8,6497,141311,ROUTE_EXISTS,108.28333333333333
23,1,6927,131621,ROUTE_EXISTS,115.45
23,6,2480,42066,ROUTE_EXISTS,41.333333333333336
12,25,974,22946,ROUTE_EXISTS,16.233333333333334
12,26,1342,27440,ROUTE_EXISTS,22.366666666666667
23,11,8009,165415,ROUTE_EXISTS,133.48333333333332
22,26,2242,37090,ROUTE_EXISTS,37.36666666666667
23,13,7108,154428,ROUTE_EXISTS,118.46666666666667
23,10,7126,153465,ROUTE_EXISTS,118.76666666666667
23,4,7623,161052,ROUTE_EXISTS,127.05
23,16,6403,144443,ROUTE_EXISTS,106.71666666666667
22,16,3247,65061,ROUTE_EXISTS,54.11666666666667
22,21,1860,26470,ROUTE_EXISTS,31.0
23,7,7352,159287,ROUTE_EXISTS,122.53333333333333
23,12,6738,153398,ROUTE_EXISTS,112.3
13,1,3400,62419,ROUTE_EXISTS,56.666666666666664
22,5,11790,259073,ROUTE_EXISTS,196.5
22,18,7059,137572,ROUTE_EXISTS,117.65
23,18,7791,161889,ROUTE_EXISTS,129.85
23,21,6428,122250,ROUTE_EXISTS,107.13333333333334
23,22,5970,106694,ROUTE_EXISTS,99.5
23,15,8099,167997,ROUTE_EXISTS,134.98333333333332
23,19,7043,168774,ROUTE_EXISTS,117.38333333333334
23,14,6714,146202,ROUTE_EXISTS,111.9
23,20,4987,98752,ROUTE_EXISTS,83.11666666666666
20,21,1441,23498,ROUTE_EXISTS,24.016666666666666
12,23,6762,152349,ROUTE_EXISTS,112.7
23,25,6796,137641,ROUTE_EXISTS,113.26666666666667
24,5,13861,312734,ROUTE_EXISTS,231.01666666666668
23,17,7348,144788,ROUTE_EXISTS,122.46666666666667
23,26,6810,132869,ROUTE_EXISTS,113.5
24,15,4703,83924,ROUTE_EXISTS,78.38333333333334
24,10,1912,26966,ROUTE_EXISTS,31.866666666666667
24,14,1500,19702,ROUTE_EXISTS,25.0
24,7,6978,130109,ROUTE_EXISTS,116.3
23,24,6759,149525,ROUTE_EXISTS,112.65
24,21,2162,41079,ROUTE_EXISTS,36.03333333333333
24,13,1894,27928,ROUTE_EXISTS,31.566666666666666
24,1,2173,37932,ROUTE_EXISTS,36.21666666666667
24,18,4375,78696,ROUTE_EXISTS,72.91666666666667
24,20,2949,61556,ROUTE_EXISTS,49.15
24,12,716,10066,ROUTE_EXISTS,11.933333333333334
24,16,563,6184,ROUTE_EXISTS,9.383333333333333
24,19,3149,57839,ROUTE_EXISTS,52.483333333333334
24,17,1332,18856,ROUTE_EXISTS,22.2
24,6,8264,190072,ROUTE_EXISTS,137.73333333333332
24,4,4130,76035,ROUTE_EXISTS,68.83333333333333
24,3,460,1789,ROUTE_EXISTS,7.666666666666667
22,24,3244,62285,ROUTE_EXISTS,54.06666666666667
21,22,2070,29744,ROUTE_EXISTS,34.5
21,25,932,17702,ROUTE_EXISTS,15.533333333333333
22,11,12970,268828,ROUTE_EXISTS,216.16666666666666
23,5,14797,301765,ROUTE_EXISTS,246.61666666666667
23,3,6862,150344,ROUTE_EXISTS,114.36666666666666
23,2,6667,111441,ROUTE_EXISTS,111.11666666666666
12,24,496,6665,ROUTE_EXISTS,8.266666666666667
24,11,13390,301310,ROUTE_EXISTS,223.16666666666666
24,2,4196,69360,ROUTE_EXISTS,69.93333333333334
24,22,3499,64613,ROUTE_EXISTS,58.31666666666667
12,22,3176,63319,ROUTE_EXISTS,52.93333333333333
24,8,1175,11079,ROUTE_EXISTS,19.583333333333332
25,1,1162,18835,ROUTE_EXISTS,19.366666666666667
24,23,6827,149092,ROUTE_EXISTS,113.78333333333333
12,14,1434,22959,ROUTE_EXISTS,23.9
12,20,2626,60262,ROUTE_EXISTS,43.766666666666666
25,2,3185,50264,ROUTE_EXISTS,53.083333333333336
12,21,1838,39785,ROUTE_EXISTS,30.633333333333333
24,25,1297,24239,ROUTE_EXISTS,21.616666666666667
12,16,498,9441,ROUTE_EXISTS,8.3
12,17,1009,17562,ROUTE_EXISTS,16.816666666666666
25,22,2489,45517,ROUTE_EXISTS,41.483333333333334
26,2,3079,45319,ROUTE_EXISTS,51.31666666666667
26,1,1056,13891,ROUTE_EXISTS,17.6
12,19,3084,61096,ROUTE_EXISTS,51.4
25,5,12851,293638,ROUTE_EXISTS,214.18333333333334
25,19,3674,74980,ROUTE_EXISTS,61.233333333333334
25,18,4900,95836,ROUTE_EXISTS,81.66666666666667
26,11,13910,298434,ROUTE_EXISTS,231.83333333333334
26,16,1376,28595,ROUTE_EXISTS,22.933333333333334
25,15,5228,101064,ROUTE_EXISTS,87.13333333333334
26,12,878,19153,ROUTE_EXISTS,14.633333333333333
26,15,5516,106334,ROUTE_EXISTS,91.93333333333334
26,5,12744,288694,ROUTE_EXISTS,212.4
26,14,2313,42112,ROUTE_EXISTS,38.55
26,19,3962,80250,ROUTE_EXISTS,66.03333333333333
26,17,910,12542,ROUTE_EXISTS,15.166666666666666
25,16,1088,23325,ROUTE_EXISTS,18.133333333333333
25,24,1086,20549,ROUTE_EXISTS,18.1
26,18,5188,101106,ROUTE_EXISTS,86.46666666666667
25,21,1151,21983,ROUTE_EXISTS,19.183333333333334
26,20,1833,37515,ROUTE_EXISTS,30.55
25,26,655,9637,ROUTE_EXISTS,10.916666666666666
26,13,2707,50338,ROUTE_EXISTS,45.11666666666667
26,3,1340,24807,ROUTE_EXISTS,22.333333333333332
25,23,7044,141404,ROUTE_EXISTS,117.4
26,4,4943,98445,ROUTE_EXISTS,82.38333333333334
12,18,4310,81953,ROUTE_EXISTS,71.83333333333333
12,15,4638,87180,ROUTE_EXISTS,77.3
25,20,1939,42459,ROUTE_EXISTS,32.31666666666667
25,17,622,7273,ROUTE_EXISTS,10.366666666666667
26,6,8784,187195,ROUTE_EXISTS,146.4
25,14,2025,36843,ROUTE_EXISTS,33.75
26,22,2383,40572,ROUTE_EXISTS,39.71666666666667
26,21,1045,17038,ROUTE_EXISTS,17.416666666666668
26,25,358,5395,ROUTE_EXISTS,5.966666666666667
26,24,1374,25819,ROUTE_EXISTS,22.9
24,26,1666,28733,ROUTE_EXISTS,27.766666666666666
26,23,6938,136460,ROUTE_EXISTS,115.63333333333334
26,10,2724,49376,ROUTE_EXISTS,45.4
26,7,7791,152519,ROUTE_EXISTS,129.85
25,8,1700,28220,ROUTE_EXISTS,28.333333333333332
26,8,1988,33490,ROUTE_EXISTS,33.13333333333333
25,4,4655,93176,ROUTE_EXISTS,77.58333333333333
25,11,13915,318451,ROUTE_EXISTS,231.91666666666666
25,10,2436,44107,ROUTE_EXISTS,40.6
12,11,13325,304567,ROUTE_EXISTS,222.08333333333334
12,13,1829,31185,ROUTE_EXISTS,30.483333333333334
12,7,6912,133366,ROUTE_EXISTS,115.2
12,4,4065,79292,ROUTE_EXISTS,67.75
12,8,1109,14336,ROUTE_EXISTS,18.483333333333334
11,4,14294,313984,ROUTE_EXISTS,238.23333333333332
12,2,3872,68066,ROUTE_EXISTS,64.53333333333333
25,13,2419,45069,ROUTE_EXISTS,40.31666666666667
25,3,1052,19538,ROUTE_EXISTS,17.533333333333335
11,25,13991,320504,ROUTE_EXISTS,233.18333333333334
11,18,14462,314821,ROUTE_EXISTS,241.03333333333333
12,5,13538,311441,ROUTE_EXISTS,225.63333333333333
11,17,14025,315120,ROUTE_EXISTS,233.75
25,6,8789,207212,ROUTE_EXISTS,146.48333333333332
11,22,13215,269092,ROUTE_EXISTS,220.25
11,21,13672,284648,ROUTE_EXISTS,227.86666666666667
25,7,7503,147250,ROUTE_EXISTS,125.05
10,25,2574,45540,ROUTE_EXISTS,42.9
25,12,590,13884,ROUTE_EXISTS,9.833333333333334
11,14,13385,299134,ROUTE_EXISTS,223.08333333333334
11,20,12231,261150,ROUTE_EXISTS,203.85
11,12,13409,306330,ROUTE_EXISTS,223.48333333333332
11,23,8077,165101,ROUTE_EXISTS,134.61666666666667
11,19,13714,321706,ROUTE_EXISTS,228.56666666666666
12,3,461,5654,ROUTE_EXISTS,7.683333333333334
11,16,13074,297375,ROUTE_EXISTS,217.9
12,6,8199,193328,ROUTE_EXISTS,136.65
11,24,13430,302457,ROUTE_EXISTS,223.83333333333334
11,13,13779,307360,ROUTE_EXISTS,229.65
12,10,1846,30223,ROUTE_EXISTS,30.766666666666666
11,8,13168,294244,ROUTE_EXISTS,219.46666666666667
11,10,13797,306398,ROUTE_EXISTS,229.95
10,15,3478,60615,ROUTE_EXISTS,57.96666666666667
11,3,13533,303276,ROUTE_EXISTS,225.55
11,1,14172,294019,ROUTE_EXISTS,236.2
10,22,4776,85914,ROUTE_EXISTS,79.6
10,17,2609,40157,ROUTE_EXISTS,43.483333333333334
10,16,1657,22412,ROUTE_EXISTS,27.616666666666667
10,14,970,11087,ROUTE_EXISTS,16.166666666666668
10,13,669,4620,ROUTE_EXISTS,11.15
10,18,3150,55387,ROUTE_EXISTS,52.5
10,5,15138,334035,ROUTE_EXISTS,252.3
11,15,14770,320929,ROUTE_EXISTS,246.16666666666666
10,7,7277,135055,ROUTE_EXISTS,121.28333333333333
10,11,13690,306256,ROUTE_EXISTS,228.16666666666666
10,4,2905,52727,ROUTE_EXISTS,48.416666666666664
10,8,1805,19765,ROUTE_EXISTS,30.083333333333332
10,23,7126,154038,ROUTE_EXISTS,118.76666666666667
11,5,18862,388287,ROUTE_EXISTS,314.3666666666667
10,26,2943,50034,ROUTE_EXISTS,49.05
10,19,1924,34531,ROUTE_EXISTS,32.06666666666667
10,24,2013,27494,ROUTE_EXISTS,33.55
8,24,1147,10004,ROUTE_EXISTS,19.116666666666667
8,25,1708,28050,ROUTE_EXISTS,28.466666666666665
11,2,13911,273839,ROUTE_EXISTS,231.85
11,7,14023,312219,ROUTE_EXISTS,233.71666666666667
10,21,3438,62380,ROUTE_EXISTS,57.3
10,20,4226,82856,ROUTE_EXISTS,70.43333333333334
10,6,8564,195017,ROUTE_EXISTS,142.73333333333332
11,6,6590,125725,ROUTE_EXISTS,109.83333333333333
10,3,2116,28313,ROUTE_EXISTS,35.266666666666666
10,2,5473,90661,ROUTE_EXISTS,91.21666666666667
10,12,1992,31367,ROUTE_EXISTS,33.2
10,1,3450,59232,ROUTE_EXISTS,57.5
8,19,2881,50608,ROUTE_EXISTS,48.016666666666666
8,26,2077,32544,ROUTE_EXISTS,34.61666666666667
1,19,4330,85011,ROUTE_EXISTS,72.16666666666667
8,23,6517,142000,ROUTE_EXISTS,108.61666666666666
1,14,2680,46874,ROUTE_EXISTS,44.666666666666664
1,12,1246,23915,ROUTE_EXISTS,20.766666666666666
1,8,2355,38251,ROUTE_EXISTS,39.25
1,10,3092,54138,ROUTE_EXISTS,51.53333333333333
1,6,8875,183707,ROUTE_EXISTS,147.91666666666666
1,5,12836,285206,ROUTE_EXISTS,213.93333333333334
8,20,3360,65366,ROUTE_EXISTS,56.0
8,10,1644,19734,ROUTE_EXISTS,27.4
8,21,2572,44890,ROUTE_EXISTS,42.86666666666667
8,13,1626,20697,ROUTE_EXISTS,27.1
8,22,3910,68424,ROUTE_EXISTS,65.16666666666667
8,15,4435,76692,ROUTE_EXISTS,73.91666666666667
8,16,791,4922,ROUTE_EXISTS,13.183333333333334
8,11,13081,294217,ROUTE_EXISTS,218.01666666666668
8,3,1250,10823,ROUTE_EXISTS,20.833333333333332
7,6,8940,202227,ROUTE_EXISTS,149.0
8,12,1126,13877,ROUTE_EXISTS,18.766666666666666
1,4,5311,103207,ROUTE_EXISTS,88.51666666666667
8,5,14272,316545,ROUTE_EXISTS,237.86666666666667
8,18,4107,71464,ROUTE_EXISTS,68.45
8,6,7955,182979,ROUTE_EXISTS,132.58333333333334
8,17,1743,22667,ROUTE_EXISTS,29.05
7,20,8837,164035,ROUTE_EXISTS,147.28333333333333
7,11,14066,313466,ROUTE_EXISTS,234.43333333333334
7,23,7503,161248,ROUTE_EXISTS,125.05
8,2,4607,73171,ROUTE_EXISTS,76.78333333333333
7,25,7580,149500,ROUTE_EXISTS,126.33333333333333
8,7,6668,123016,ROUTE_EXISTS,111.13333333333334
8,1,2584,41742,ROUTE_EXISTS,43.06666666666667
7,22,9820,171977,ROUTE_EXISTS,163.66666666666666
8,14,1232,12471,ROUTE_EXISTS,20.533333333333335
7,21,8444,166340,ROUTE_EXISTS,140.73333333333332
7,26,7949,153994,ROUTE_EXISTS,132.48333333333332
8,4,3862,68804,ROUTE_EXISTS,64.36666666666666
7,18,8248,145746,ROUTE_EXISTS,137.46666666666667
7,17,7615,144117,ROUTE_EXISTS,126.91666666666667
7,19,7500,152632,ROUTE_EXISTS,125.0
7,16,6663,126372,ROUTE_EXISTS,111.05
7,24,7019,131454,ROUTE_EXISTS,116.98333333333333
7,3,7122,132273,ROUTE_EXISTS,118.7
7,4,8080,144910,ROUTE_EXISTS,134.66666666666666
6,23,2482,42129,ROUTE_EXISTS,41.36666666666667
7,12,6998,135327,ROUTE_EXISTS,116.63333333333334
6,15,9397,208237,ROUTE_EXISTS,156.61666666666667
7,2,10517,176724,ROUTE_EXISTS,175.28333333333333
6,8,7795,181552,ROUTE_EXISTS,129.91666666666666
7,10,7386,135394,ROUTE_EXISTS,123.1
6,26,8682,182575,ROUTE_EXISTS,144.7
7,1,8456,163193,ROUTE_EXISTS,140.93333333333334
6,22,7842,156400,ROUTE_EXISTS,130.7
7,8,6757,123240,ROUTE_EXISTS,112.61666666666666
6,21,8299,171956,ROUTE_EXISTS,138.31666666666666
7,15,8556,151854,ROUTE_EXISTS,142.6
7,14,6975,128131,ROUTE_EXISTS,116.25
7,5,20075,419747,ROUTE_EXISTS,334.5833333333333
7,13,7369,136357,ROUTE_EXISTS,122.81666666666666
6,24,8057,189765,ROUTE_EXISTS,134.28333333333333
6,25,8618,207812,ROUTE_EXISTS,143.63333333333333
6,18,9089,202129,ROUTE_EXISTS,151.48333333333332
6,19,8342,209014,ROUTE_EXISTS,139.03333333333333
6,20,6858,148458,ROUTE_EXISTS,114.3
6,17,8653,202428,ROUTE_EXISTS,144.21666666666667
6,11,7132,123429,ROUTE_EXISTS,118.86666666666666
6,1,8799,181327,ROUTE_EXISTS,146.65
6,7,8651,199528,ROUTE_EXISTS,144.18333333333334
6,5,15418,324552,ROUTE_EXISTS,256.96666666666664
6,12,8036,193638,ROUTE_EXISTS,133.93333333333334
6,16,7701,184683,ROUTE_EXISTS,128.35
6,14,8012,186442,ROUTE_EXISTS,133.53333333333333
6,13,8407,194668,ROUTE_EXISTS,140.11666666666667
5,17,13312,297349,ROUTE_EXISTS,221.86666666666667
6,10,8424,193706,ROUTE_EXISTS,140.4
5,26,12774,285431,ROUTE_EXISTS,212.9
6,4,8921,201292,ROUTE_EXISTS,148.68333333333334
6,2,8539,161147,ROUTE_EXISTS,142.31666666666666
5,22,11781,259015,ROUTE_EXISTS,196.35
5,23,14817,302012,ROUTE_EXISTS,246.95
6,3,8160,190584,ROUTE_EXISTS,136.0
5,20,11328,255888,ROUTE_EXISTS,188.8
4,16,3771,70929,ROUTE_EXISTS,62.85
5,24,13776,310626,ROUTE_EXISTS,229.6
5,15,17918,391141,ROUTE_EXISTS,298.6333333333333
5,21,12392,274811,ROUTE_EXISTS,206.53333333333333
4,15,891,9884,ROUTE_EXISTS,14.85
5,14,14715,326920,ROUTE_EXISTS,245.25
5,18,17590,385913,ROUTE_EXISTS,293.1666666666667
5,25,12760,290202,ROUTE_EXISTS,212.66666666666666
4,18,563,4656,ROUTE_EXISTS,9.383333333333333
5,19,16364,365057,ROUTE_EXISTS,272.73333333333335
5,10,15127,334183,ROUTE_EXISTS,252.11666666666667
5,4,17345,383253,ROUTE_EXISTS,289.0833333333333
5,6,15314,324620,ROUTE_EXISTS,255.23333333333332
5,12,13280,303961,ROUTE_EXISTS,221.33333333333334
5,8,14390,318297,ROUTE_EXISTS,239.83333333333334
5,3,13742,309615,ROUTE_EXISTS,229.03333333333333
5,7,20060,419835,ROUTE_EXISTS,334.3333333333333
5,1,12891,284182,ROUTE_EXISTS,214.85
4,26,5057,98551,ROUTE_EXISTS,84.28333333333333
4,25,4688,94057,ROUTE_EXISTS,78.13333333333334
4,23,7253,170975,ROUTE_EXISTS,120.88333333333334
5,2,12058,261901,ROUTE_EXISTS,200.96666666666667
3,15,4710,85204,ROUTE_EXISTS,78.5
4,21,5552,110897,ROUTE_EXISTS,92.53333333333333
1,3,1707,29569,ROUTE_EXISTS,28.45
4,24,4127,76011,ROUTE_EXISTS,68.78333333333333
4,19,2006,28495,ROUTE_EXISTS,33.43333333333333
4,14,3084,59604,ROUTE_EXISTS,51.4
4,13,2709,48878,ROUTE_EXISTS,45.15
4,20,6340,131373,ROUTE_EXISTS,105.66666666666667
4,17,4723,88674,ROUTE_EXISTS,78.71666666666667
4,22,6890,134431,ROUTE_EXISTS,114.83333333333333
3,4,4137,77315,ROUTE_EXISTS,68.95
4,11,13817,323193,ROUTE_EXISTS,230.28333333333333
4,12,4106,79884,ROUTE_EXISTS,68.43333333333334
4,6,8691,211955,ROUTE_EXISTS,144.85
4,7,7603,153673,ROUTE_EXISTS,126.71666666666667
4,8,3919,68282,ROUTE_EXISTS,65.31666666666666
3,23,6834,150372,ROUTE_EXISTS,113.9
3,26,1439,25463,ROUTE_EXISTS,23.983333333333334
4,3,4230,76830,ROUTE_EXISTS,70.5
3,25,1070,20969,ROUTE_EXISTS,17.833333333333332
4,10,2919,52649,ROUTE_EXISTS,48.65
3,24,370,1660,ROUTE_EXISTS,6.166666666666667
4,1,5564,107749,ROUTE_EXISTS,92.73333333333333
4,2,7587,139178,ROUTE_EXISTS,126.45
4,5,17252,382552,ROUTE_EXISTS,287.53333333333336
3,22,3272,61343,ROUTE_EXISTS,54.53333333333333
3,21,1934,37809,ROUTE_EXISTS,32.233333333333334
3,19,3156,59119,ROUTE_EXISTS,52.6
3,17,1105,15586,ROUTE_EXISTS,18.416666666666668
3,20,2722,58285,ROUTE_EXISTS,45.36666666666667
3,11,13397,302590,ROUTE_EXISTS,223.28333333333333
3,16,570,7464,ROUTE_EXISTS,9.5
3,13,1900,29208,ROUTE_EXISTS,31.666666666666668
3,12,488,6796,ROUTE_EXISTS,8.133333333333333
1,2,3171,41831,ROUTE_EXISTS,52.85
3,8,1181,12359,ROUTE_EXISTS,19.683333333333334
3,18,4381,79976,ROUTE_EXISTS,73.01666666666667
3,14,1506,20982,ROUTE_EXISTS,25.1
3,10,1918,28246,ROUTE_EXISTS,31.966666666666665
3,7,6984,131389,ROUTE_EXISTS,116.4
3,5,13634,309464,ROUTE_EXISTS,227.23333333333332
2,25,2984,46657,ROUTE_EXISTS,49.733333333333334
3,2,3969,66090,ROUTE_EXISTS,66.15
3,1,1946,34661,ROUTE_EXISTS,32.43333333333333
3,6,8271,191352,ROUTE_EXISTS,137.85
2,23,6754,111649,ROUTE_EXISTS,112.56666666666666
2,24,4000,67081,ROUTE_EXISTS,66.66666666666667
2,26,2998,41885,ROUTE_EXISTS,49.96666666666667
2,20,1649,12704,ROUTE_EXISTS,27.483333333333334
2,22,1429,9318,ROUTE_EXISTS,23.816666666666666
2,21,2615,31266,ROUTE_EXISTS,43.583333333333336
2,18,7814,142368,ROUTE_EXISTS,130.23333333333332
2,19,6588,121512,ROUTE_EXISTS,109.8
2,15,8142,147596,ROUTE_EXISTS,135.7
2,13,5333,91600,ROUTE_EXISTS,88.88333333333334
2,16,4003,69857,ROUTE_EXISTS,66.71666666666667
2,12,3504,60415,ROUTE_EXISTS,58.4
2,10,5351,90638,ROUTE_EXISTS,89.18333333333334
2,11,13726,273623,ROUTE_EXISTS,228.76666666666668
2,6,8600,162385,ROUTE_EXISTS,143.33333333333334
2,17,3536,53804,ROUTE_EXISTS,58.93333333333333
2,14,4939,83374,ROUTE_EXISTS,82.31666666666666
2,7,10381,176651,ROUTE_EXISTS,173.01666666666668
2,8,4614,74752,ROUTE_EXISTS,76.9
2,5,12007,261741,ROUTE_EXISTS,200.11666666666667
2,4,7569,139708,ROUTE_EXISTS,126.15
2,3,3966,66069,ROUTE_EXISTS,66.1
2,1,3115,40637,ROUTE_EXISTS,51.916666666666664
1,24,1741,30581,ROUTE_EXISTS,29.016666666666666
1,26,739,5385,ROUTE_EXISTS,12.316666666666666
1,18,5555,105868,ROUTE_EXISTS,92.58333333333333
1,23,7029,132972,ROUTE_EXISTS,117.15
1,17,1277,17304,ROUTE_EXISTS,21.283333333333335
1,21,1137,13550,ROUTE_EXISTS,18.95
1,20,1924,34027,ROUTE_EXISTS,32.06666666666667
1,25,726,10157,ROUTE_EXISTS,12.1
1,22,2474,37084,ROUTE_EXISTS,41.233333333333334
1,13,3074,55100,ROUTE_EXISTS,51.233333333333334
1,15,5884,111096,ROUTE_EXISTS,98.06666666666666
5,13,15109,335146,ROUTE_EXISTS,251.81666666666666
5,11,18660,388359,ROUTE_EXISTS,311.0
1,16,1744,33357,ROUTE_EXISTS,29.066666666666666
1,11,14001,294946,ROUTE_EXISTS,233.35
1,7,8158,157281,ROUTE_EXISTS,135.96666666666667
13,27,3795,61830,ROUTE_EXISTS,63.25
1,27,6467,115965,ROUTE_EXISTS,107.78333333333333
3,27,5293,90073,ROUTE_EXISTS,88.21666666666667
4,27,1475,14753,ROUTE_EXISTS,24.583333333333332
21,27,6674,123510,ROUTE_EXISTS,111.23333333333333
24,27,5287,88793,ROUTE_EXISTS,88.11666666666666
18,27,1425,10864,ROUTE_EXISTS,23.75
20,27,7551,144697,ROUTE_EXISTS,125.85
25,27,5812,105934,ROUTE_EXISTS,96.86666666666666
8,27,5019,81562,ROUTE_EXISTS,83.65
10,27,4062,65485,ROUTE_EXISTS,67.7
19,27,3021,38196,ROUTE_EXISTS,50.35
26,27,6100,111203,ROUTE_EXISTS,101.66666666666667
17,27,5875,101145,ROUTE_EXISTS,97.91666666666667
22,27,7970,147670,ROUTE_EXISTS,132.83333333333334
7,27,9140,156724,ROUTE_EXISTS,152.33333333333334
16,27,5045,82952,ROUTE_EXISTS,84.08333333333333
5,27,18502,396011,ROUTE_EXISTS,308.3666666666667
23,27,8683,172866,ROUTE_EXISTS,144.71666666666667
12,27,5221,92050,ROUTE_EXISTS,87.01666666666667
11,27,15354,325799,ROUTE_EXISTS,255.9
2,27,8726,152465,ROUTE_EXISTS,145.43333333333334
6,27,9981,213107,ROUTE_EXISTS,166.35
15,27,766,5342,ROUTE_EXISTS,12.766666666666667
14,27,4174,70877,ROUTE_EXISTS,69.56666666666666
27,15,772,6066,ROUTE_EXISTS,12.866666666666667
27,18,1473,10924,ROUTE_EXISTS,24.55
27,19,3366,41770,ROUTE_EXISTS,56.1
27,25,6048,107333,ROUTE_EXISTS,100.8
27,12,5466,93159,ROUTE_EXISTS,91.1
27,17,6083,101949,ROUTE_EXISTS,101.38333333333334
27,21,6912,124172,ROUTE_EXISTS,115.2
27,4,1518,13693,ROUTE_EXISTS,25.3
27,24,5487,89286,ROUTE_EXISTS,91.45
27,16,5131,84204,ROUTE_EXISTS,85.51666666666667
27,20,7700,144649,ROUTE_EXISTS,128.33333333333334
27,26,6417,111827,ROUTE_EXISTS,106.95
27,8,5279,81557,ROUTE_EXISTS,87.98333333333333
27,2,8947,152453,ROUTE_EXISTS,149.11666666666667
27,13,4069,62153,ROUTE_EXISTS,67.81666666666666
27,7,8963,166949,ROUTE_EXISTS,149.38333333333333
27,3,5590,90105,ROUTE_EXISTS,93.16666666666667
27,22,8250,147706,ROUTE_EXISTS,137.5
27,23,8613,184251,ROUTE_EXISTS,143.55
27,11,15177,336469,ROUTE_EXISTS,252.95
27,1,6924,121025,ROUTE_EXISTS,115.4
27,14,4444,72880,ROUTE_EXISTS,74.06666666666666
27,10,4279,65925,ROUTE_EXISTS,71.31666666666666
27,6,10051,225230,ROUTE_EXISTS,167.51666666666668
27,5,18612,395828,ROUTE_EXISTS,310.2
