id,name,time_from_airport_raw,time_from_airport_minutes,is_airport,requires_ferry_transfer,is_active,region,latitude,longitude,geofence_radius_km,geometry_type
1,Akumal,1 hour and 30 minutes,90,false,false,true,Cancun-Riviera Maya,20.429090,-87.297629,,Point
2,Boca Paila,2 hours and 10 minutes,130,false,false,true,Cancun-Riviera Maya,20.128112,-87.464964,,Point
3,Calica,1 hour and 25 minutes,85,false,false,true,Cancun-Riviera Maya,20.575292,-87.123826,,Point
4,Cancun,40 minutes,40,true,false,true,Cancun-Riviera Maya,21.162088,-86.821580,15,DestinationArea
5,Chetumal,5 hours and 30 minutes,330,false,false,true,Cancun-Riviera Maya,18.500129,-88.301905,15,DestinationArea
6,Chichen Itza,2 hours and 30 minutes,150,false,false,true,Cancun-Riviera Maya,20.684476,-88.567117,15,DestinationArea
7,Chiquila,2 hours,120,false,false,true,Cancun-Riviera Maya,21.426230,-87.341234,15,DestinationArea
8,Cozumel,about 1 hour. We will transfer you to the ferry dock in Playa del Carmen,60,false,true,true,Cancun-Riviera Maya,20.622625,-87.068549,,Point
9,Isla Mujeres,50 minutes. We will transfer you to the ferry dock in Puerto Juarez.,50,false,true,true,Cancun-Riviera Maya,,,,
10,Maroma Beach,45 minutes,45,false,false,true,Cancun-Riviera Maya,20.740367,-86.964700,,Point
11,Merida,4 hours,240,false,false,true,Cancun-Riviera Maya,20.968926,-89.649032,15,DestinationArea
12,Paamul,1 hour and 20 minutes,80,false,false,true,Cancun-Riviera Maya,20.562672,-87.163450,,Point
13,Paraiso Beach,25 minutes,25,false,false,true,Cancun-Riviera Maya,20.761429,-86.963514,,Point
14,Playa Del Carmen,1 hour,60,false,false,true,Cancun-Riviera Maya,20.703408,-87.014655,,Point
15,Playa Mujeres,1 hour,60,false,false,true,Cancun-Riviera Maya,21.230640,-86.803169,,Point
16,Playacar,1 hour and 10 minutes,70,false,false,true,Cancun-Riviera Maya,20.616306,-87.094549,,Point
17,Puerto Aventuras,1 hour and 20 minutes,80,false,false,true,Cancun-Riviera Maya,20.507231,-87.214890,,Point
18,Puerto Juarez,45 minutes,45,false,false,true,Cancun-Riviera Maya,21.183925,-86.806610,2,Point
19,Puerto Morelos,about 25 minutes,25,false,false,true,Cancun-Riviera Maya,20.966522,-86.831626,,Point
20,Tankah,1 hour and 50 minutes,110,false,false,true,Cancun-Riviera Maya,20.235136,-87.460860,,Point
21,Tulum,1 hour and 45 minutes,105,false,false,true,Cancun-Riviera Maya,20.353623,-87.336600,,Point
22,Tulum Hotel Zone,2 hours,120,false,false,true,Cancun-Riviera Maya,20.192635,-87.413320,,Point
23,Valladolid,2 hours and 15 minutes,135,false,false,true,Cancun-Riviera Maya,20.689865,-88.204955,15,DestinationArea
24,Xcaret,1 hour and 10 minutes,70,false,false,true,Cancun-Riviera Maya,20.581134,-87.118926,,Point
25,Xpu Ha,1 hour and 40 minutes,100,false,false,true,Cancun-Riviera Maya,20.478837,-87.259295,,Point
26,Kantenah,1 hour and 30 minutes,90,false,false,true,Cancun-Riviera Maya,20.444760,-87.287583,,Point
27,Costa Mujeres,1 hour,60,false,false,true,Cancun-Riviera Maya,21.266077,-86.815804,,Point